{"cameraMode":{"drawMode":0,"name":"Shaded","section":"Shading Mode"},"sceneLighting":false,"audioPlay":false,"sceneViewState":{"m_AlwaysRefresh":false,"showFog":true,"showSkybox":false,"showFlares":true,"showImageEffects":true,"showParticleSystems":true,"showVisualEffectGraphs":true,"m_FxEnabled":true},"in2DMode":false,"pivot":{"x":2.007054328918457,"y":0.681647777557373,"z":0.13190531730651856},"rotation":{"x":0.13995742797851563,"y":0.5394837260246277,"z":-0.09149549156427384,"w":0.8252266049385071},"size":1.6940629482269288,"orthographic":true}