{"cameraMode":{"drawMode":0,"name":"Shaded","section":"Shading Mode"},"sceneLighting":false,"audioPlay":false,"sceneViewState":{"m_AlwaysRefresh":false,"showFog":true,"showSkybox":false,"showFlares":true,"showImageEffects":true,"showParticleSystems":true,"showVisualEffectGraphs":true,"m_FxEnabled":false},"in2DMode":false,"pivot":{"x":0.20154374837875367,"y":1.380693793296814,"z":0.000023126602172851563},"rotation":{"x":0.16311012208461762,"y":0.47064584493637087,"z":-0.08900167793035507,"w":0.8625357151031494},"size":2.672614574432373,"orthographic":true}