{"cameraMode":{"drawMode":0,"name":"Shaded","section":"Shading Mode"},"sceneLighting":false,"audioPlay":false,"sceneViewState":{"m_AlwaysRefresh":false,"showFog":true,"showSkybox":false,"showFlares":true,"showImageEffects":true,"showParticleSystems":true,"showVisualEffectGraphs":true,"m_FxEnabled":false},"in2DMode":false,"pivot":{"x":-0.3404894173145294,"y":1.6232047080993653,"z":-0.11615230143070221},"rotation":{"x":0.01362096332013607,"y":-0.6536248326301575,"z":0.011765954084694386,"w":0.7566101551055908},"size":0.8824582099914551,"orthographic":true}