{"cameraMode":{"drawMode":0,"name":"Shaded","section":"Shading Mode"},"sceneLighting":false,"audioPlay":false,"sceneViewState":{"m_AlwaysRefresh":false,"showFog":true,"showSkybox":false,"showFlares":true,"showImageEffects":true,"showParticleSystems":true,"showVisualEffectGraphs":true,"m_FxEnabled":true},"in2DMode":false,"pivot":{"x":2.0425188541412355,"y":0.749173641204834,"z":0.13404321670532227},"rotation":{"x":0.14276960492134095,"y":0.5132262110710144,"z":-0.08704220503568649,"w":0.8418081402778626},"size":1.6510236263275147,"orthographic":true}