{"cameraMode":{"drawMode":0,"name":"Shaded","section":"Shading Mode"},"sceneLighting":false,"audioPlay":false,"sceneViewState":{"m_AlwaysRefresh":false,"showFog":true,"showSkybox":false,"showFlares":true,"showImageEffects":true,"showParticleSystems":true,"showVisualEffectGraphs":true,"m_FxEnabled":true},"in2DMode":false,"pivot":{"x":1.858055830001831,"y":0.4958181381225586,"z":0.17923378944396974},"rotation":{"x":0.13995742797851563,"y":0.5394837260246277,"z":-0.09149549156427384,"w":0.8252266049385071},"size":1.4176911115646363,"orthographic":true}